<?xml version="1.0" encoding="utf-8" standalone="yes"?>
<config>
    <SYSTEM>
        <PORT>80</PORT>
        <DEFAULT>
            Default.htm
            Default.html
            Index.htm
            Index.html
        </DEFAULT>
        <MAXCONN>512</MAXCONN>
        <TIMEOUT>300</TIMEOUT>
        <BROWSE>yes</BROWSE>
    </SYSTEM>
    <SERVER>
        <ROOT0>C:\Users\zengj\Documents\GitHub0</ROOT0>
        <ROOT1>C:\Users\zengj\Documents\GitHub1</ROOT1>
        <ROOT2>C:\Users\zengj\Documents\GitHub2</ROOT2>
    </SERVER>
</config>
